NTACode,GEOCODE,GEONAME,CDTACode,HVI_RANK,SURFACE_TEMP,MEDIAN_INCOME,GREENSPACE,PCT_HOUSEHOLDS_AC
BX0101,50101,Mott Haven-Port Morris,BX01,5,88.394,24474,18.81888649,84.3
BX0102,50102,Melrose,BX01,5,87.872,29306.5,23.40942908,84.3
BX0201,50201,Hunts Point,BX02,5,90.212,30057,10.15265396,84.3
BX0202,50202,Longwood,BX02,5,87.926,29117,19.4043333,84.3
BX0301,50301,Morrisania,BX03,5,87.494,26474,25.88081964,75.8
BX0302,50302,Claremont Village-Claremont (East),BX03,5,87.71,31144,21.85668274,75.8
BX0303,50303,Crotona Park East,BX03,5,88.538,34091,20.71564031,75.8
BX0401,50401,Concourse-Concourse Village,BX04,5,87.008,31509,15.38171266,84.6
BX0402,50402,Highbridge,BX04,4,84.704,32705,26.53987034,84.6
BX0403,50403,Mount Eden-Claremont (West),BX04,5,86.216,39685.5,15.99103567,83.375
BX0501,50501,University Heights (South)-Morris Heights,BX05,5,85.442,30531.5,25.92439863,79.7
BX0502,50502,Mount Hope,BX05,5,86.378,35600,13.8851655,79.7
BX0503,50503,Fordham Heights,BX05,5,86.27,40334,10.57887748,84.04285714
BX0601,50601,West Farms,BX06,5,87.44,26619,23.05923976,75.8
BX0602,50602,Tremont,BX06,5,87.764,25069,21.35853014,75.8
BX0603,50603,Belmont,BX06,5,86.99,30923,22.31162462,77.44285714
BX0701,50701,University Heights (North)-Fordham,BX07,4,85.298,38594,25.67256922,86.45555556
BX0702,50702,Bedford Park,BX07,3,83.93,38456,21.05766881,87.70909091
BX0703,50703,Norwood,BX07,3,84.218,36484,29.51079283,86.7625
BX0801,50801,Kingsbridge Heights-Van Cortlandt Village,BX08,3,83.948,44490.5,30.18819753,88.8
BX0802,50802,Kingsbridge-Marble Hill,BX08,4,87.296,52211.5,24.40916105,89.5
BX0803,50803,Riverdale-Spuyten Duyvil,BX08,1,82.688,93821,60.73964347,88.8
BX0901,50901,Soundview-Bruckner-Bronx River,BX09,4,87.08,33625,25.27610029,88.8
BX0902,50902,Soundview-Clason Point,BX09,4,87.278,50076.5,37.9499375,88.8
BX0903,50903,Castle Hill-Unionport,BX09,4,88.286,48326,23.2200994,88.8
BX0904,50904,Parkchester,BX09,4,87.872,57222,34.3970473,88.8
BX1001,51001,Westchester Square,BX10,5,89.69,48654,15.47107223,88.54
BX1002,51002,Throgs Neck-Schuylerville,BX10,2,87.098,77234.5,35.33388581,95.8
BX1003,51003,Pelham Bay-Country Club-City Island,BX10,2,86.432,77906,31.15858925,95.8
BX1004,51004,Co-op City,BX10,4,87.26,53302,34.94386817,95.8
BX1101,51101,Pelham Parkway-Van Nest,BX11,4,88.178,51509,19.65866236,87.5
BX1102,51102,Morris Park,BX11,3,88.862,70165.5,32.83343453,87.5
BX1103,51103,Pelham Gardens,BX11,4,89.276,84854,32.64849979,87.5
BX1104,51104,Allerton,BX11,4,87.71,41411,27.22436646,87.5
BX1201,51201,Williamsbridge-Olinville,BX12,5,87.224,49453.5,28.24478241,83.45
BX1202,51202,Eastchester-Edenwald-Baychester,BX12,5,88.898,72553,35.77793824,85.13333333
BX1203,51203,Wakefield-Woodlawn,BX12,5,88.394,69872.5,28.45405193,83
BK0101,470101,Greenpoint,BK01,2,85.91,93269,12.65411739,93.4
BK0102,470102,Williamsburg,BK01,2,85.244,114295,16.39781035,93.4
BK0103,470103,South Williamsburg,BK01,4,87.764,31836,20.93030901,92.08
BK0104,470104,East Williamsburg,BK01,4,88.16,55278,11.63369605,91.74375
BK0201,470201,Brooklyn Heights,BK02,1,82.328,158668.5,26.93968324,90.2
BK0202,470202,Downtown Brooklyn-DUMBO-Boerum Hill,BK02,2,83.84,131688,21.5679582,90.2
BK0203,470203,Fort Greene,BK02,2,84.488,102413,31.64464568,90.2
BK0204,470204,Clinton Hill,BK02,2,84.65,104318,30.35903069,90.2
BK0301,470301,Bedford-Stuyvesant (West),BK03,3,85.226,66250,23.19329097,89.05238095
BK0302,470302,Bedford-Stuyvesant (East),BK03,4,84.848,62351,27.05079426,88.52608696
BK0401,470401,Bushwick (West),BK04,4,86.63,72440,14.20956844,88.1
BK0402,470402,Bushwick (East),BK04,4,85.316,55603.5,21.98051204,88.1
BK0501,470501,Cypress Hills,BK05,4,86.306,53266.5,21.27571426,88.75
BK0502,470502,East New York (North),BK05,5,88.574,46004,19.86397581,86.61538462
BK0503,470503,East New York-New Lots,BK05,5,88.916,48396,19.25010171,86.26428571
BK0504,470504,Spring Creek-Starrett City,BK05,4,87.224,34107,40.59397533,88.8
BK0505,470505,East New York-City Line,BK05,4,86.792,44319.5,29.59314422,88.8
BK0601,470601,Carroll Gardens-Cobble Hill-Gowanus-Red Hook,BK06,2,85.55,126250,18.2192193,91.88
BK0602,470602,Park Slope,BK06,1,83.408,152764.5,29.44366805,92.3
BK0701,470701,Windsor Terrace-South Slope,BK07,1,84.416,115974.5,28.69672549,92.825
BK0702,470702,Sunset Park (West),BK07,3,86.774,55856.5,10.52147903,92.95882353
BK0703,470703,Sunset Park (Central),BK07,2,83.804,56229,21.04671004,93
BK0801,470801,Prospect Heights,BK08,2,83.912,127329.5,23.53528693,86.5
BK0802,470802,Crown Heights (North),BK08,4,84.956,49625,22.89967276,86.5
BK0901,470901,Crown Heights (South),BK09,4,84.704,59482,20.31007675,87.46923077
BK0902,470902,Prospect Lefferts Gardens-Wingate,BK09,5,86.324,57061,22.80277033,87.9
BK1001,471001,Bay Ridge,BK10,2,85.316,81205.5,29.37109908,93.9
BK1002,471002,Dyker Heights,BK10,3,87.494,62798,18.27878705,93.84705882
BK1101,471101,Bensonhurst,BK11,4,87.926,57100.5,14.33726393,91.6
BK1102,471102,Bath Beach,BK11,2,86.27,81204,21.86828049,91.14545455
BK1103,471103,Gravesend (West),BK11,4,87.602,60222.5,14.59617141,91.2875
BK1201,471201,Sunset Park (East)-Borough Park (West),BK12,3,85.874,49839,14.2268673,92.7
BK1202,471202,Borough Park,BK12,4,89.114,40929,20.91302092,91.5
BK1203,471203,Kensington,BK12,3,86.81,65415.5,22.89882779,91.8
BK1204,471204,Mapleton-Midwood (West),BK12,3,88.25,58354,31.20959795,91.3875
BK1301,471301,Gravesend (South),BK13,4,87.098,51007,24.07578719,86.6
BK1302,471302,Coney Island-Sea Gate,BK13,5,86.738,35021,19.49077252,86.6
BK1303,471303,Brighton Beach,BK13,4,86.504,41680.5,14.08141301,86.6
BK1401,471401,Flatbush,BK14,4,86.63,64270.5,22.60774014,90.36111111
BK1402,471402,Flatbush (West)-Ditmas Park-Parkville,BK14,3,86.846,70247,36.97457346,90.6
BK1403,471403,Midwood,BK14,3,88.916,61661.5,28.36896603,90.6
BK1501,471501,Gravesend (East)-Homecrest,BK15,3,88.628,62530,19.73257187,94.42222222
BK1502,471502,Madison,BK15,3,88.466,78158,23.90189561,95.20666667
BK1503,471503,Sheepshead Bay-Manhattan Beach-Gerritsen Beach,BK15,2,86.504,71336.5,25.02880303,95.4
BK1601,471601,Ocean Hill,BK16,5,86.504,44376,20.62839422,81.7
BK1602,471602,Brownsville,BK16,5,87.926,29437.5,25.68945019,81.7
BK1701,471701,East Flatbush-Erasmus,BK17,5,87.26,57436,16.92017421,89.45454545
BK1702,471702,East Flatbush-Farragut,BK17,5,89.24,62692,21.41936233,89.91428571
BK1703,471703,East Flatbush-Rugby,BK17,5,88.574,64814,18.11813136,89.5625
BK1704,471704,East Flatbush-Remsen Village,BK17,5,86.954,46989,16.74552673,88.9
BK1801,471801,Flatlands,BK18,5,88.862,78015,24.28202037,92.5
BK1802,471802,Marine Park-Mill Basin-Bergen Beach,BK18,3,88.682,85417,29.16800427,92.5
BK1803,471803,Canarsie,BK18,4,87.566,83025,27.86447627,92.5
MN0101,610101,Financial District-Battery Park City,MN01,1,80.78,184087,14.57836397,98.1
MN0102,610102,Tribeca-Civic Center,MN01,1,83.948,208844,11.25316679,96.7
MN0201,610201,SoHo-Little Italy-Hudson Square,MN02,1,85.514,128118,8.02548461,98.1
MN0202,610202,Greenwich Village,MN02,1,84.884,153063,19.05336602,98.1
MN0203,610203,West Village,MN02,1,84.344,133594,19.36538408,98.1
MN0301,610301,Chinatown-Two Bridges,MN03,3,84.452,30435,21.22091764,91.1
MN0302,610302,Lower East Side,MN03,2,84.362,49768,29.2348317,91.1
MN0303,610303,East Village,MN03,2,84.596,78778,25.84498804,91.1
MN0401,610401,Chelsea-Hudson Yards,MN04,1,84.938,134928,13.62014174,97.6
MN0402,610402,Hell's Kitchen,MN04,2,85.19,91319,11.43478852,97.6
MN0501,610501,Midtown South-Flatiron-Union Square,MN05,1,85.208,150937.5,6.179552497,97.6
MN0502,610502,Midtown-Times Square,MN05,1,82.4,153141,3.875432244,97.33571429
MN0601,610601,Stuyvesant Town-Peter Cooper Village,MN06,1,83.642,138646.5,42.77284548,93.9
MN0602,610602,Gramercy,MN06,1,85.55,148808,16.28537266,93.9
MN0603,610603,Murray Hill-Kips Bay,MN06,1,84.488,128383,17.15113515,93.9
MN0604,610604,East Midtown-Turtle Bay,MN06,1,83.714,149391.5,12.62196514,93.9
MN0701,610701,Upper West Side-Lincoln Square,MN07,1,82.886,145352,20.86200239,92.2
MN0702,610702,Upper West Side (Central),MN07,1,83.066,128723.5,30.59022161,92.2
MN0703,610703,Upper West Side-Manhattan Valley,MN07,1,83.282,109107.5,34.06714948,90.73333333
MN0801,610801,Upper East Side-Lenox Hill-Roosevelt Island,MN08,1,84.002,114842,23.9976001,96.4
BX0802,610802,Kingsbridge-Marble Hill,BX08,4,87.296,52211.5,24.40916105,89.5
MN0802,610802,Upper East Side-Carnegie Hill,MN08,1,84.182,190924.5,17.81243147,96.4
MN0803,610803,Upper East Side-Yorkville,MN08,1,84.686,110893.5,23.69101795,96.4
MN0901,610901,Morningside Heights,MN09,2,83.21,63588,40.94340334,88.35
MN0902,610902,Manhattanville-West Harlem,MN09,3,84.74,42536.5,25.8601254,87.8
MN0903,610903,Hamilton Heights-Sugar Hill,MN09,3,83.552,55164,30.69106836,87.8
MN1001,611001,Harlem (South),MN10,5,86.414,69599,19.60391926,82.2
MN1002,611002,Harlem (North),MN10,5,86.108,52333,25.30442568,82.2
MN1101,611101,East Harlem (South),MN11,4,85.226,37367,26.6586205,85.1
MN1102,611102,East Harlem (North),MN11,5,86.09,30740,27.47609708,84.85833333
MN1201,611201,Washington Heights (South),MN12,2,83.426,54829,23.59078739,92.3
MN1202,611202,Washington Heights (North),MN12,1,82.598,62394,33.99238684,92.3
MN1203,611203,Inwood,MN12,3,86.666,64777.5,18.31574136,92.3
QN0101,810101,Astoria (North)-Ditmars-Steinway,QN01,2,87.044,88607.5,22.7318181,92.7
QN0102,810102,Old Astoria-Hallets Point,QN01,3,85.856,77237,23.28053299,92.7
QN0103,810103,Astoria (Central),QN01,2,85.424,92361,14.78337167,92.7
QN0104,810104,Astoria (East)-Woodside (North),QN01,3,86.72,74409.5,19.33139312,92.58571429
QN0105,810105,Queensbridge-Ravenswood-Dutch Kills,QN01,3,86.972,52283,21.76770391,92.7
QN0201,810201,Long Island City-Hunters Point,QN02,2,87.404,150208,8.170719776,91.9
QN0202,810202,Sunnyside,QN02,3,87.728,63750,24.27989837,91.9
QN0203,810203,Woodside,QN02,3,87.656,63460.5,19.32685888,91.9
QN0301,810301,Jackson Heights,QN03,2,86.864,61985,24.95122739,94.1
QN0302,810302,East Elmhurst,QN03,4,89.276,60791.5,25.52522067,94.1
QN0303,810303,North Corona,QN03,3,87.818,66227,18.18312048,94.31
QN0401,810401,Elmhurst,QN04,3,87.728,60591,20.20660529,95.26521739
QN0402,810402,Corona,QN04,3,88.232,54263,15.94829021,95.45882353
QN0501,810501,Maspeth,QN05,3,87.512,85399.5,15.41612653,95.51
QN0502,810502,Ridgewood,QN05,2,84.47,78452,20.81890008,95.7
QN0503,810503,Glendale,QN05,2,86.018,79115,23.02547834,95.7
QN0504,810504,Middle Village,QN05,2,86.126,99184,28.17240797,95.7
QN0601,810601,Rego Park,QN06,3,87.62,79334.5,27.91498086,92.4
QN0602,810602,Forest Hills,QN06,2,86.612,89356,35.68338794,92.4
QN0701,810701,College Point,QN07,2,87.692,63646,30.96100719,94.1
QN0702,810702,Whitestone-Beechhurst,QN07,2,88.16,88616,38.23090791,94.1
QN0703,810703,Bay Terrace-Clearview,QN07,1,87.152,89375,48.34486442,94.1
QN0704,810704,Murray Hill-Broadway Flushing,QN07,3,88.952,56635,37.99329374,94.1
QN0705,810705,East Flushing,QN07,3,89.51,49559,38.32006241,94.1
QN0706,810706,Queensboro Hill,QN07,2,87.746,56633,40.48514522,94.1
QN0707,810707,Flushing-Willets Point,QN07,4,87.998,40476.5,18.69616654,94.25
QN0801,810801,Kew Gardens Hills,QN08,2,87.944,80977,40.40852135,94.9
QN0802,810802,Pomonok-Electchester-Hillcrest,QN08,2,88.25,73900.5,37.23184121,94.9
QN0803,810803,Fresh Meadows-Utopia,QN08,2,87.728,78919.5,46.01316994,94.9
QN0804,810804,Jamaica Estates-Holliswood,QN08,1,86.198,75468.5,53.00450365,94.9
QN0805,810805,Jamaica Hills-Briarwood,QN08,2,87.872,77420.5,31.47687213,94.9
QN0901,810901,Kew Gardens,QN09,1,85.478,83340.5,45.6025593,91.9
QN0902,810902,Richmond Hill,QN09,4,88.97,69836,21.8840235,91.9
QN0903,810903,South Richmond Hill,QN09,4,90.5,75089,17.18204819,91.9
QN0904,810904,Ozone Park (North),QN09,4,89.006,66250,17.30478965,91.9
QN0905,810905,Woodhaven,QN09,3,87.548,74508,24.63820641,91.9
QN1001,811001,South Ozone Park,QN10,3,89.744,83326,24.30211117,94.3
QN1002,811002,Ozone Park,QN10,3,88.682,73349,28.86119607,94.3
QN1003,811003,Howard Beach-Lindenwood,QN10,2,87.764,74510,32.30236042,94.3
QN1101,811101,Auburndale,QN11,3,89.42,69107,37.60518103,93.7
QN1102,811102,Bayside,QN11,1,87.422,99392,45.74196875,93.7
QN1103,811103,Douglaston-Little Neck,QN11,1,85.82,92524,56.01785547,93.7
QN1104,811104,Oakland Gardens-Hollis Hills,QN11,1,87.044,81212,51.92733695,93.7
QN1201,811201,Jamaica,QN12,5,89.69,59511,14.66630792,84.91333333
QN1202,811202,South Jamaica,QN12,5,90.176,74931.5,30.42378208,84.2
QN1203,811203,Baisley Park,QN12,5,89.042,71000,35.17686242,84.2
QN1204,811204,Springfield Gardens (North)-Rochdale Village,QN12,5,88.376,71525.5,41.50248664,84.2
QN1205,811205,St. Albans,QN12,5,89.78,82656.5,38.05260409,84.57391304
QN1206,811206,Hollis,QN12,5,90.536,78933.5,32.22107341,85.27
QN1301,811301,Glen Oaks-Floral Park-New Hyde Park,QN13,2,88.88,97360.5,48.52635866,92.8
QN1302,811302,Bellerose,QN13,2,88.322,91455,47.2558005,92.8
QN1303,811303,Queens Village,QN13,4,90.842,85043,32.70685489,92.905
QN1304,811304,Cambria Heights,QN13,4,89.96,102008,39.12162734,92.8
QN1305,811305,Laurelton,QN13,4,88.952,89450,36.04477518,92.8
QN1306,811306,Springfield Gardens (South)-Brookville,QN13,3,87.08,92171,44.48559241,92.8
QN1307,811307,Rosedale,QN13,3,86.936,99659,43.8750794,92.8
QN1401,811401,Far Rockaway-Bayswater,QN14,4,86.846,50042,37.15133315,83.2
QN1402,811402,Rockaway Beach-Arverne-Edgemere,QN14,5,85.478,52885,25.88370412,83.2
QN1403,811403,Breezy Point-Belle Harbor-Rockaway Park-Broad Channel,QN14,3,85.208,98668,24.86956723,83.2
SI0101,850101,St. George-New Brighton,SI01,3,85.586,53683,42.30013242,90.7
SI0102,850102,Tompkinsville-Stapleton-Clifton-Fox Hills,SI01,4,88.106,49928,38.91828142,90.7
SI0103,850103,Rosebank-Shore Acres-Park Hill,SI01,3,89.402,72362,37.6053561,90.7
SI0104,850104,West New Brighton-Silver Lake-Grymes Hill,SI01,1,85.658,90110,57.18543267,90.7
SI0105,850105,Westerleigh-Castleton Corners,SI01,2,88.07,106187.5,49.47626602,90.7
SI0106,850106,Port Richmond,SI01,4,89.798,64652.5,32.39612681,90.7
SI0107,850107,Mariner's Harbor-Arlington-Graniteville,SI01,2,87.062,80467,43.88048582,90.7
SI0201,850201,Grasmere-Arrochar-South Beach-Dongan Hills,SI02,2,89.564,75313,44.17362541,98.4
SI0202,850202,New Dorp-Midland Beach,SI02,2,89.618,86993,41.15344598,98.4
SI0203,850203,Todt Hill-Emerson Hill-Lighthouse Hill-Manor Heights,SI02,1,83.066,86396,73.93255954,98.4
SI0204,850204,New Springville-Willowbrook-Bulls Head-Travis,SI02,1,85.586,83750,53.99613934,98.4
SI0301,850301,Oakwood-Richmondtown,SI03,1,88.322,103526,52.12212119,96.7
SI0302,850302,Great Kills-Eltingville,SI03,1,89.672,108786,47.69572997,96.7
SI0303,850303,Arden Heights-Rossville,SI03,1,87.926,93474,56.49474436,96.7
SI0304,850304,Annadale-Huguenot-Prince's Bay-Woodrow,SI03,1,86.036,97841,63.69035512,96.7
SI0305,850305,Tottenville-Charleston,SI03,1,86.288,111447,60.53431375,96.7
