Borough,Year,FIPS County Code,NTA Code,NTA Name,Population,NTA2020
Bronx,2000,5,BX01,Claremont-Bathgate,28149,BX0302
Bronx,2000,5,BX03,Eastchester-Edenwald-Baychester,35422,BX1202
Bronx,2000,5,BX05,Bedford Park-Fordham North,55329,BX0702
Bronx,2000,5,BX06,Belmont,25967,BX0603
Bronx,2000,5,BX07,Bronxdale,34309,
Bronx,2000,5,BX08,West Farms-Bronx River,34542,BX0601
Bronx,2000,5,BX09,Soundview-Castle Hill-Clason Point-Harding Park,50753,BK0204
Bronx,2000,5,BX10,Pelham Bay-Country Club-City Island,27140,BX1003
Bronx,2000,5,BX13,Co-Op City,40676,BX1004
Bronx,2000,5,BX14,East Concourse-Concourse Village,58961,BX0401
Bronx,2000,5,BX17,East Tremont,39280,BX0602
Bronx,2000,5,BX22,North Riverdale-Fieldston-Riverdale,28013,BK0502
Bronx,2000,5,BX26,Highbridge,33844,BX0402
Bronx,2000,5,BX27,Hunts Point,25142,BX0201
Bronx,2000,5,BX28,Van Cortlandt Village,50607,BX0801
Bronx,2000,5,BX29,Spuyten Duyvil-Kingsbridge,29872,BX0801
Bronx,2000,5,BX30,Kingsbridge Heights,33286,BX0801
Bronx,2000,5,BX31,Allerton-Pelham Gardens,28510,BX1103
Bronx,2000,5,BX33,Longwood,23082,BX0202
Bronx,2000,5,BX34,Melrose South-Mott Haven North,33195,BX0102
Bronx,2000,5,BX35,Morrisania-Melrose,29797,BX0102
Bronx,2000,5,BX36,University Heights-Morris Heights,54335,BX0501
Bronx,2000,5,BX37,Van Nest-Morris Park-Westchester Square,27135,BX1001
Bronx,2000,5,BX39,Mott Haven-Port Morris,49030,BX0101
Bronx,2000,5,BX40,Fordham South,26880,BK0571
Bronx,2000,5,BX41,Mount Hope,52649,BX0502
Bronx,2000,5,BX43,Norwood,40817,BX0703
Bronx,2000,5,BX44,Williamsbridge-Olinville,57420,BX1201
Bronx,2000,5,BX46,Parkchester,29353,BX0904
Bronx,2000,5,BX49,Pelham Parkway,30006,BX1101
Bronx,2000,5,BX52,Schuylerville-Throgs Neck-Edgewater Park,43712,BK0602
Bronx,2000,5,BX55,Soundview-Bruckner,35137,BX0901
Bronx,2000,5,BX59,Westchester-Unionport,25768,
Bronx,2000,5,BX62,Woodlawn-Wakefield,43583,BX1203
Bronx,2000,5,BX63,West Concourse,39557,BK0301
Bronx,2000,5,BX75,Crotona Park East,18072,BX0303
Bronx,2000,5,BX98,Rikers Island,12780,QN0151
Bronx,2000,5,BX99,park-cemetery-etc-Bronx,540,BK0571
Brooklyn,2000,47,BK09,Brooklyn Heights-Cobble Hill,22548,BK0201
Brooklyn,2000,47,BK17,Sheepshead Bay-Gerritsen Beach-Manhattn Bch,64596,BK1503
Brooklyn,2000,47,BK19,Brighton Beach,35244,BK1303
Brooklyn,2000,47,BK21,Seagate-Coney Island,34267,BK5691
Brooklyn,2000,47,BK23,West Brighton,17370,BK0301
Brooklyn,2000,47,BK25,Homecrest,45679,BK1501
Brooklyn,2000,47,BK26,Gravesend,29257,BK1103
Brooklyn,2000,47,BK27,Bath Beach,28572,BK1102
Brooklyn,2000,47,BK28,Bensonhurst West,84640,BK1101
Brooklyn,2000,47,BK29,Bensonhurst East,58566,BK1101
Brooklyn,2000,47,BK30,Dyker Heights,39332,BK1002
Brooklyn,2000,47,BK31,Bay Ridge,80539,BK1001
Brooklyn,2000,47,BK32,Sunset Park West,52312,BK0702
Brooklyn,2000,47,BK33,Carroll Gardens-Columbia Street-Red Hook,38327,BX1103
Brooklyn,2000,47,BK34,Sunset Park East,66150,BK0702
Brooklyn,2000,47,BK35,Stuyvesant Heights,61827,BX0501
Brooklyn,2000,47,BK37,Park Slope-Gowanus,67263,BK0602
Brooklyn,2000,47,BK38,DUMBO-Vinegar Hill-Downtown Brklyn-Boerum Hill,30847,BK0204
Brooklyn,2000,47,BK40,Windsor Terrace,20779,BK0701
Brooklyn,2000,47,BK41,Kensington-Ocean Parkway,36937,BK1203
Brooklyn,2000,47,BK42,Flatbush,110875,BK1401
Brooklyn,2000,47,BK43,Midwood,55440,BK1403
Brooklyn,2000,47,BK44,Madison,39076,BK1502
Brooklyn,2000,47,BK45,Georgetown-Marine Park-Bergen Beach-Mill Basin,42940,BK1802
Brooklyn,2000,47,BK46,Ocean Parkway South,20556,BK0571
Brooklyn,2000,47,BK50,Canarsie,85058,BK1803
Brooklyn,2000,47,BK58,Flatlands,66726,BK1801
Brooklyn,2000,47,BK60,Prospect Lefferts Gardens-Wingate,70300,BK0902
Brooklyn,2000,47,BK61,Crown Heights North,103462,BK0802
Brooklyn,2000,47,BK63,Crown Heights South,42370,BK0901
Brooklyn,2000,47,BK64,Prospect Heights,19655,BK0801
Brooklyn,2000,47,BK68,Fort Greene,28335,BK0203
Brooklyn,2000,47,BK69,Clinton Hill,33292,BK0204
Brooklyn,2000,47,BK72,Williamsburg,32269,BK0102
Brooklyn,2000,47,BK73,North Side-South Side,40130,BK0571
Brooklyn,2000,47,BK75,Bedford,59227,BK0301
Brooklyn,2000,47,BK76,Greenpoint,37821,BK0101
Brooklyn,2000,47,BK77,Bushwick North,56093,BX0291
Brooklyn,2000,47,BK78,Bushwick South,64617,BK0571
Brooklyn,2000,47,BK79,Ocean Hill,30067,BK1601
Brooklyn,2000,47,BK81,Brownsville,59099,BK1602
Brooklyn,2000,47,BK82,East New York,83275,BK0502
Brooklyn,2000,47,BK83,Cypress Hills-City Line,48961,BK0501
Brooklyn,2000,47,BK85,East New York (Pennsylvania Ave),27624,BK0104
Brooklyn,2000,47,BK88,Borough Park,101055,BK1202
Brooklyn,2000,47,BK90,East Williamsburg,31878,BK0104
Brooklyn,2000,47,BK91,East Flatbush-Farragut,56033,BK1702
Brooklyn,2000,47,BK93,Starrett City,14621,BK0504
Brooklyn,2000,47,BK95,Erasmus,31392,BK1701
Brooklyn,2000,47,BK96,Rugby-Remsen Village,57934,BX0302
Brooklyn,2000,47,BK99,park-cemetery-etc-Brooklyn,93,BK0201
Manhattan,2000,61,MN01,Marble Hill-Inwood,49087,MN1203
Manhattan,2000,61,MN03,Central Harlem North-Polo Grounds,70016,BK0502
Manhattan,2000,61,MN04,Hamilton Heights,50555,MN0903
Manhattan,2000,61,MN06,Manhattanville,24772,MN0902
Manhattan,2000,61,MN09,Morningside Heights,54208,MN0901
Manhattan,2000,61,MN11,Central Harlem South,39075,BK0571
Manhattan,2000,61,MN12,Upper West Side,136954,MN0701
Manhattan,2000,61,MN13,Hudson Yards-Chelsea-Flat Iron-Union Square,55839,BX1001
Manhattan,2000,61,MN14,Lincoln Square,55239,MN0701
Manhattan,2000,61,MN15,Clinton,40595,BK0204
Manhattan,2000,61,MN17,Midtown-Midtown South,25807,BK0571
Manhattan,2000,61,MN19,Turtle Bay-East Midtown,49737,MN0604
Manhattan,2000,61,MN20,Murray Hill-Kips Bay,48419,MN0603
Manhattan,2000,61,MN21,Gramercy,26184,MN0602
Manhattan,2000,61,MN22,East Village,41746,MN0303
Manhattan,2000,61,MN23,West Village,68483,MN0203
Manhattan,2000,61,MN24,SoHo-TriBeCa-Civic Center-Little Italy,36757,MN0102
Manhattan,2000,61,MN25,Battery Park City-Lower Manhattan,20088,BK0602
Manhattan,2000,61,MN27,Chinatown,52375,MN0301
Manhattan,2000,61,MN28,Lower East Side,72258,MN0302
Manhattan,2000,61,MN31,Lenox Hill-Roosevelt Island,76631,MN0801
Manhattan,2000,61,MN32,Yorkville,76768,MN0803
Manhattan,2000,61,MN33,East Harlem South,56899,MN1101
Manhattan,2000,61,MN34,East Harlem North,57148,MN1102
Manhattan,2000,61,MN35,Washington Heights North,73457,MN1202
Manhattan,2000,61,MN36,Washington Heights South,93671,MN1201
Manhattan,2000,61,MN40,Upper East Side-Carnegie Hill,63664,MN0802
Manhattan,2000,61,MN50,Stuyvesant Town-Cooper Village,19101,MN0601
Manhattan,2000,61,MN99,park-cemetery-etc-Manhattan,1662,BK0571
Queens,2000,81,QN01,South Jamaica,35181,QN1202
Queens,2000,81,QN02,Springfield Gardens North,25441,BK0601
Queens,2000,81,QN03,Springfield Gardens South-Brookville,18950,QN1306
Queens,2000,81,QN05,Rosedale,25502,QN1307
Queens,2000,81,QN06,Jamaica Estates-Holliswood,26061,QN0804
Queens,2000,81,QN07,Hollis,20747,QN1206
Queens,2000,81,QN08,St. Albans,50046,QN1205
Queens,2000,81,QN10,Breezy Point-Belle Harbor-Rockwy Prk-Broad Chnl,26711,QN1403
Queens,2000,81,QN12,Hammels-Arverne-Edgemere,31645,
Queens,2000,81,QN15,Far Rockaway-Bayswater,48344,QN1401
Queens,2000,81,QN17,Forest Hills,85046,QN0602
Queens,2000,81,QN18,Rego Park,29404,QN0601
Queens,2000,81,QN19,Glendale,31071,QN0503
Queens,2000,81,QN20,Ridgewood,69455,QN0502
Queens,2000,81,QN21,Middle Village,37629,QN0504
Queens,2000,81,QN22,Flushing,69362,QN0704
Queens,2000,81,QN23,College Point,21407,QN0701
Queens,2000,81,QN25,Corona,52082,QN0402
Queens,2000,81,QN26,North Corona,47156,QN0303
Queens,2000,81,QN27,East Elmhurst,21183,QN0302
Queens,2000,81,QN28,Jackson Heights,113327,QN0301
Queens,2000,81,QN29,Elmhurst,87972,QN0401
Queens,2000,81,QN30,Maspeth,28916,QN0501
Queens,2000,81,QN31,Hunters Point-Sunnyside-West Maspeth,61947,QN0202
Queens,2000,81,QN33,Cambria Heights,20944,QN1304
Queens,2000,81,QN34,Queens Village,57704,QN1303
Queens,2000,81,QN35,Briarwood-Jamaica Hills,38675,QN0805
Queens,2000,81,QN37,Kew Gardens Hills,36052,QN0801
Queens,2000,81,QN38,Pomonok-Flushing Heights-Hillcrest,31734,BK0201
Queens,2000,81,QN41,Fresh Meadows-Utopia,17373,QN0803
Queens,2000,81,QN42,Oakland Gardens,27873,QN1104
Queens,2000,81,QN43,Bellerose,24464,QN1302
Queens,2000,81,QN44,Glen Oaks-Floral Park-New Hyde Park,22426,QN1301
Queens,2000,81,QN45,Douglas Manor-Douglaston-Little Neck,24356,QN1103
Queens,2000,81,QN46,Bayside-Bayside Hills,44371,QN1102
Queens,2000,81,QN47,Ft. Totten-Bay Terrace-Clearview,22731,QN0703
Queens,2000,81,QN48,Auburndale,20201,QN1101
Queens,2000,81,QN49,Whitestone,31356,QN0702
Queens,2000,81,QN50,Elmhurst-Maspeth,24338,QN0401
Queens,2000,81,QN51,Murray Hill,53009,MN0603
Queens,2000,81,QN52,East Flushing,26516,QN0705
Queens,2000,81,QN53,Woodhaven,54149,QN0905
Queens,2000,81,QN54,Richmond Hill,62985,QN0902
Queens,2000,81,QN55,South Ozone Park,78906,QN1001
Queens,2000,81,QN56,Ozone Park,21052,QN1002
Queens,2000,81,QN57,Lindenwood-Howard Beach,28121,QN1003
Queens,2000,81,QN60,Kew Gardens,23888,QN0901
Queens,2000,81,QN61,Jamaica,51849,QN1201
Queens,2000,81,QN62,Queensboro Hill,19309,QN0706
Queens,2000,81,QN63,Woodside,43846,QN0203
Queens,2000,81,QN66,Laurelton,26375,QN1305
Queens,2000,81,QN68,Queensbridge-Ravenswood-Long Island City,21104,BK0504
Queens,2000,81,QN70,Astoria,89122,QN0101
Queens,2000,81,QN71,Old Astoria,28847,QN0102
Queens,2000,81,QN72,Steinway,53604,QN0101
Queens,2000,81,QN76,Baisley Park,35729,QN1203
Queens,2000,81,QN98,Airport,0,QN8081
Queens,2000,81,QN99,park-cemetery-etc-Queens,1785,BK0571
Staten Island,2000,85,SI01,Annadale-Huguenot-Prince's Bay-Eltingville,26376,BK1001
Staten Island,2000,85,SI05,New Springville-Bloomfield-Travis,39309,BK0502
Staten Island,2000,85,SI07,Westerleigh,23790,SI0105
Staten Island,2000,85,SI08,Grymes Hill-Clifton-Fox Hills,19834,BK0204
Staten Island,2000,85,SI11,Charleston-Richmond Valley-Tottenville,18332,QN0902
Staten Island,2000,85,SI12,Mariner's Harbor-Arlington-Port Ivory-Graniteville,27957,SI0107
Staten Island,2000,85,SI14,Grasmere-Arrochar-Ft. Wadsworth,15238,SI9561
Staten Island,2000,85,SI22,West New Brighton-New Brighton-St. George,32154,BK0301
Staten Island,2000,85,SI24,Todt Hill-Emersn Hill-Heartland Villg-Lighthse Hill,30762,BK0204
Staten Island,2000,85,SI25,Oakwood-Oakwood Beach,22266,BK1102
Staten Island,2000,85,SI28,Port Richmond,18042,SI0106
Staten Island,2000,85,SI32,Rossville-Woodrow,18894,SI0304
Staten Island,2000,85,SI35,New Brighton-Silver Lake,16784,SI0104
Staten Island,2000,85,SI36,Old Town-Dongan Hills-South Beach,23017,BK0103
Staten Island,2000,85,SI37,Stapleton-Rosebank,24048,SI0102
Staten Island,2000,85,SI45,New Dorp-Midland Beach,20242,SI0202
Staten Island,2000,85,SI48,Arden Heights,24996,SI0303
Staten Island,2000,85,SI54,Great Kills,41680,SI9593
Staten Island,2000,85,SI99,park-cemetery-etc-Staten Island,7,BK0602
Bronx,2010,5,BX01,Claremont-Bathgate,31078,BX0302
Bronx,2010,5,BX03,Eastchester-Edenwald-Baychester,34517,BX1202
Bronx,2010,5,BX05,Bedford Park-Fordham North,54415,BX0702
Bronx,2010,5,BX06,Belmont,27378,BX0603
Bronx,2010,5,BX07,Bronxdale,35538,
Bronx,2010,5,BX08,West Farms-Bronx River,35011,BX0601
Bronx,2010,5,BX09,Soundview-Castle Hill-Clason Point-Harding Park,53686,BK0204
Bronx,2010,5,BX10,Pelham Bay-Country Club-City Island,26583,BX1003
Bronx,2010,5,BX13,Co-Op City,43752,BX1004
Bronx,2010,5,BX14,East Concourse-Concourse Village,62284,BX0401
Bronx,2010,5,BX17,East Tremont,43423,BX0602
Bronx,2010,5,BX22,North Riverdale-Fieldston-Riverdale,27860,BK0502
Bronx,2010,5,BX26,Highbridge,37727,BX0402
Bronx,2010,5,BX27,Hunts Point,27204,BX0201
Bronx,2010,5,BX28,Van Cortlandt Village,50100,BX0801
Bronx,2010,5,BX29,Spuyten Duyvil-Kingsbridge,30161,BX0801
Bronx,2010,5,BX30,Kingsbridge Heights,32496,BX0801
Bronx,2010,5,BX31,Allerton-Pelham Gardens,28903,BX1103
Bronx,2010,5,BX33,Longwood,26196,BX0202
Bronx,2010,5,BX34,Melrose South-Mott Haven North,39214,BX0102
Bronx,2010,5,BX35,Morrisania-Melrose,37865,BX0102
Bronx,2010,5,BX36,University Heights-Morris Heights,54188,BX0501
Bronx,2010,5,BX37,Van Nest-Morris Park-Westchester Square,29250,BX1001
Bronx,2010,5,BX39,Mott Haven-Port Morris,52413,BX0101
Bronx,2010,5,BX40,Fordham South,28262,BK0571
Bronx,2010,5,BX41,Mount Hope,51807,BX0502
Bronx,2010,5,BX43,Norwood,40494,BX0703
Bronx,2010,5,BX44,Williamsbridge-Olinville,61321,BX1201
Bronx,2010,5,BX46,Parkchester,29821,BX0904
Bronx,2010,5,BX49,Pelham Parkway,30073,BX1101
Bronx,2010,5,BX52,Schuylerville-Throgs Neck-Edgewater Park,44167,BK0602
Bronx,2010,5,BX55,Soundview-Bruckner,35634,BX0901
Bronx,2010,5,BX59,Westchester-Unionport,27248,
Bronx,2010,5,BX62,Woodlawn-Wakefield,42483,BX1203
Bronx,2010,5,BX63,West Concourse,39282,BK0301
Bronx,2010,5,BX75,Crotona Park East,20277,BX0303
Bronx,2010,5,BX98,Rikers Island,11091,QN0151
Bronx,2010,5,BX99,park-cemetery-etc-Bronx,1906,BK0571
Brooklyn,2010,47,BK09,Brooklyn Heights-Cobble Hill,22887,BK0201
Brooklyn,2010,47,BK17,Sheepshead Bay-Gerritsen Beach-Manhattn Bch,64518,BK1503
Brooklyn,2010,47,BK19,Brighton Beach,35547,BK1303
Brooklyn,2010,47,BK21,Seagate-Coney Island,31965,BK5691
Brooklyn,2010,47,BK23,West Brighton,17750,BK0301
Brooklyn,2010,47,BK25,Homecrest,44316,BK1501
Brooklyn,2010,47,BK26,Gravesend,29436,BK1103
Brooklyn,2010,47,BK27,Bath Beach,29931,BK1102
Brooklyn,2010,47,BK28,Bensonhurst West,88727,BK1101
Brooklyn,2010,47,BK29,Bensonhurst East,62978,BK1101
Brooklyn,2010,47,BK30,Dyker Heights,42419,BK1002
Brooklyn,2010,47,BK31,Bay Ridge,79371,BK1001
Brooklyn,2010,47,BK32,Sunset Park West,54041,BK0702
Brooklyn,2010,47,BK33,Carroll Gardens-Columbia Street-Red Hook,38353,BX1103
Brooklyn,2010,47,BK34,Sunset Park East,72340,BK0702
Brooklyn,2010,47,BK35,Stuyvesant Heights,63504,BX0501
Brooklyn,2010,47,BK37,Park Slope-Gowanus,67649,BK0602
Brooklyn,2010,47,BK38,DUMBO-Vinegar Hill-Downtown Brklyn-Boerum Hill,34495,BK0204
Brooklyn,2010,47,BK40,Windsor Terrace,20988,BK0701
Brooklyn,2010,47,BK41,Kensington-Ocean Parkway,36891,BK1203
Brooklyn,2010,47,BK42,Flatbush,105804,BK1401
Brooklyn,2010,47,BK43,Midwood,52835,BK1403
Brooklyn,2010,47,BK44,Madison,38917,BK1502
Brooklyn,2010,47,BK45,Georgetown-Marine Park-Bergen Beach-Mill Basin,45231,BK1802
Brooklyn,2010,47,BK46,Ocean Parkway South,20299,BK0571
Brooklyn,2010,47,BK50,Canarsie,83693,BK1803
Brooklyn,2010,47,BK58,Flatlands,64762,BK1801
Brooklyn,2010,47,BK60,Prospect Lefferts Gardens-Wingate,67459,BK0902
Brooklyn,2010,47,BK61,Crown Heights North,103169,BK0802
Brooklyn,2010,47,BK63,Crown Heights South,39670,BK0901
Brooklyn,2010,47,BK64,Prospect Heights,19849,BK0801
Brooklyn,2010,47,BK68,Fort Greene,26079,BK0203
Brooklyn,2010,47,BK69,Clinton Hill,34791,BK0204
Brooklyn,2010,47,BK72,Williamsburg,32926,BK0102
Brooklyn,2010,47,BK73,North Side-South Side,45774,BK0571
Brooklyn,2010,47,BK75,Bedford,70713,BK0301
Brooklyn,2010,47,BK76,Greenpoint,34719,BK0101
Brooklyn,2010,47,BK77,Bushwick North,57138,BX0291
Brooklyn,2010,47,BK78,Bushwick South,72101,BK0571
Brooklyn,2010,47,BK79,Ocean Hill,31935,BK1601
Brooklyn,2010,47,BK81,Brownsville,58300,BK1602
Brooklyn,2010,47,BK82,East New York,91958,BK0502
Brooklyn,2010,47,BK83,Cypress Hills-City Line,49223,BK0501
Brooklyn,2010,47,BK85,East New York (Pennsylvania Ave),29343,BK0104
Brooklyn,2010,47,BK88,Borough Park,106357,BK1202
Brooklyn,2010,47,BK90,East Williamsburg,34158,BK0104
Brooklyn,2010,47,BK91,East Flatbush-Farragut,50355,BK1702
Brooklyn,2010,47,BK93,Starrett City,13354,BK0504
Brooklyn,2010,47,BK95,Erasmus,29938,BK1701
Brooklyn,2010,47,BK96,Rugby-Remsen Village,55326,BX0302
Brooklyn,2010,47,BK99,park-cemetery-etc-Brooklyn,418,BK0201
Manhattan,2010,61,MN01,Marble Hill-Inwood,46746,MN1203
Manhattan,2010,61,MN03,Central Harlem North-Polo Grounds,75282,BK0502
Manhattan,2010,61,MN04,Hamilton Heights,48520,MN0903
Queens,2010,81,QN61,Jamaica,53751,QN1201
Manhattan,2010,61,MN06,Manhattanville,22950,MN0902
Manhattan,2010,61,MN09,Morningside Heights,55929,MN0901
Manhattan,2010,61,MN11,Central Harlem South,43383,BK0571
Manhattan,2010,61,MN12,Upper West Side,132378,MN0701
Manhattan,2010,61,MN13,Hudson Yards-Chelsea-Flat Iron-Union Square,70150,BX1001
Manhattan,2010,61,MN14,Lincoln Square,61489,MN0701
Manhattan,2010,61,MN15,Clinton,45884,BK0204
Manhattan,2010,61,MN17,Midtown-Midtown South,28630,BK0571
Manhattan,2010,61,MN19,Turtle Bay-East Midtown,51231,MN0604
Manhattan,2010,61,MN20,Murray Hill-Kips Bay,50742,MN0603
Manhattan,2010,61,MN21,Gramercy,27988,MN0602
Manhattan,2010,61,MN22,East Village,44136,MN0303
Manhattan,2010,61,MN23,West Village,66880,MN0203
Manhattan,2010,61,MN24,SoHo-TriBeCa-Civic Center-Little Italy,42742,MN0102
Manhattan,2010,61,MN25,Battery Park City-Lower Manhattan,39699,BK0602
Manhattan,2010,61,MN27,Chinatown,47844,MN0301
Manhattan,2010,61,MN28,Lower East Side,72957,MN0302
Manhattan,2010,61,MN31,Lenox Hill-Roosevelt Island,80771,MN0801
Manhattan,2010,61,MN32,Yorkville,77942,MN0803
Manhattan,2010,61,MN33,East Harlem South,57902,MN1101
Manhattan,2010,61,MN34,East Harlem North,58019,MN1102
Manhattan,2010,61,MN35,Washington Heights North,67136,MN1202
Manhattan,2010,61,MN36,Washington Heights South,84438,MN1201
Manhattan,2010,61,MN40,Upper East Side-Carnegie Hill,61207,MN0802
Manhattan,2010,61,MN50,Stuyvesant Town-Cooper Village,21049,MN0601
Manhattan,2010,61,MN99,park-cemetery-etc-Manhattan,1849,BK0571
Queens,2010,81,QN01,South Jamaica,38894,QN1202
Queens,2010,81,QN02,Springfield Gardens North,25409,BK0601
Queens,2010,81,QN03,Springfield Gardens South-Brookville,20132,QN1306
Queens,2010,81,QN05,Rosedale,25063,QN1307
Queens,2010,81,QN06,Jamaica Estates-Holliswood,25480,QN0804
Queens,2010,81,QN07,Hollis,20269,QN1206
Queens,2010,81,QN08,St. Albans,48593,QN1205
Queens,2010,81,QN10,Breezy Point-Belle Harbor-Rockwy Prk-Broad Chnl,28018,QN1403
Queens,2010,81,QN12,Hammels-Arverne-Edgemere,36885,
Queens,2010,81,QN15,Far Rockaway-Bayswater,50058,QN1401
Queens,2010,81,QN17,Forest Hills,83728,QN0602
Queens,2010,81,QN18,Rego Park,28260,QN0601
Queens,2010,81,QN19,Glendale,32496,QN0503
Queens,2010,81,QN20,Ridgewood,69317,QN0502
Queens,2010,81,QN21,Middle Village,37929,QN0504
Queens,2010,81,QN22,Flushing,72008,QN0704
Queens,2010,81,QN23,College Point,24275,QN0701
Queens,2010,81,QN25,Corona,57658,QN0402
Queens,2010,81,QN26,North Corona,52037,QN0303
Queens,2010,81,QN27,East Elmhurst,23150,QN0302
Queens,2010,81,QN28,Jackson Heights,108152,QN0301
Queens,2010,81,QN29,Elmhurst,88427,QN0401
Queens,2010,81,QN30,Maspeth,30516,QN0501
Queens,2010,81,QN31,Hunters Point-Sunnyside-West Maspeth,63271,QN0202
Queens,2010,81,QN33,Cambria Heights,18677,QN1304
Queens,2010,81,QN34,Queens Village,52504,QN1303
Queens,2010,81,QN35,Briarwood-Jamaica Hills,39138,QN0805
Queens,2010,81,QN37,Kew Gardens Hills,37479,QN0801
Queens,2010,81,QN38,Pomonok-Flushing Heights-Hillcrest,34034,BK0201
Queens,2010,81,QN41,Fresh Meadows-Utopia,17812,QN0803
Queens,2010,81,QN42,Oakland Gardens,28237,QN1104
Queens,2010,81,QN43,Bellerose,25287,QN1302
Queens,2010,81,QN44,Glen Oaks-Floral Park-New Hyde Park,22571,QN1301
Queens,2010,81,QN45,Douglas Manor-Douglaston-Little Neck,24739,QN1103
Queens,2010,81,QN46,Bayside-Bayside Hills,43808,QN1102
Queens,2010,81,QN47,Ft. Totten-Bay Terrace-Clearview,21751,QN0703
Queens,2010,81,QN48,Auburndale,19996,QN1101
Queens,2010,81,QN49,Whitestone,30773,QN0702
Queens,2010,81,QN50,Elmhurst-Maspeth,25521,QN0401
Queens,2010,81,QN51,Murray Hill,51739,MN0603
Queens,2010,81,QN52,East Flushing,26982,QN0705
Queens,2010,81,QN53,Woodhaven,56674,QN0905
Queens,2010,81,QN54,Richmond Hill,62982,QN0902
Queens,2010,81,QN55,South Ozone Park,75878,QN1001
Queens,2010,81,QN56,Ozone Park,21376,QN1002
Queens,2010,81,QN57,Lindenwood-Howard Beach,26148,QN1003
Queens,2010,81,QN60,Kew Gardens,23278,QN0901
Queens,2010,81,QN62,Queensboro Hill,20800,QN0706
Queens,2010,81,QN63,Woodside,45099,QN0203
Queens,2010,81,QN66,Laurelton,24453,QN1305
Queens,2010,81,QN68,Queensbridge-Ravenswood-Long Island City,20030,BK0504
Queens,2010,81,QN70,Astoria,78793,QN0101
Queens,2010,81,QN71,Old Astoria,27814,QN0102
Queens,2010,81,QN72,Steinway,47534,QN0101
Queens,2010,81,QN76,Baisley Park,34603,QN1203
Queens,2010,81,QN98,Airport,0,QN8081
Queens,2010,81,QN99,park-cemetery-etc-Queens,436,BK0571
Staten Island,2010,85,SI01,Annadale-Huguenot-Prince's Bay-Eltingville,27770,BK1001
Staten Island,2010,85,SI05,New Springville-Bloomfield-Travis,39597,BK0502
Staten Island,2010,85,SI07,Westerleigh,24102,SI0105
Staten Island,2010,85,SI08,Grymes Hill-Clifton-Fox Hills,22460,BK0204
Staten Island,2010,85,SI11,Charleston-Richmond Valley-Tottenville,23313,QN0902
Staten Island,2010,85,SI12,Mariner's Harbor-Arlington-Port Ivory-Graniteville,31474,SI0107
Staten Island,2010,85,SI14,Grasmere-Arrochar-Ft. Wadsworth,16079,SI9561
Staten Island,2010,85,SI22,West New Brighton-New Brighton-St. George,33551,BK0301
Staten Island,2010,85,SI24,Todt Hill-Emersn Hill-Heartland Villg-Lighthse Hill,30714,BK0204
Staten Island,2010,85,SI25,Oakwood-Oakwood Beach,22049,BK1102
Staten Island,2010,85,SI28,Port Richmond,20191,SI0106
Staten Island,2010,85,SI32,Rossville-Woodrow,20763,SI0304
Staten Island,2010,85,SI35,New Brighton-Silver Lake,17525,SI0104
Staten Island,2010,85,SI36,Old Town-Dongan Hills-South Beach,24835,BK0103
Staten Island,2010,85,SI37,Stapleton-Rosebank,26453,SI0102
Staten Island,2010,85,SI45,New Dorp-Midland Beach,21896,SI0202
Staten Island,2010,85,SI48,Arden Heights,25238,SI0303
Staten Island,2010,85,SI54,Great Kills,40720,SI9593
Staten Island,2010,85,SI99,park-cemetery-etc-Staten Island,0,BK0602
